name,phone
Law Office of Ronda S. Haynes,+18177522177
Law Offices of Debbie Reddick,+18172381006
The Murphree Law Office,+18172700030
Kenneth N Price Law Office,+18174442561
The Fort Worth Dating Company,+18175296277
MJB Group Private Investigation and Civil Process Service,+19727987374
The Duran Firm,+12144846500
Law Offices of Debbie Reddick,+18172381006
Law Office of Ronda S. Haynes,+18177522177
The Murphree Law Office,+18172700030
Kenneth N Price Law Office,+18174442561
The Fort Worth Dating Company,+18175296277
MJB Group Private Investigation and Civil Process Service,+19727987374
Law Offices of Debbie Reddick,+18172381006
Law Office of Ronda S. Haynes,+18177522177
The Murphree Law Office,+18172700030
Kenneth N Price Law Office,+18174442561
"Law Office Of Carey Thompson, PC",+18178407503
The Fort Worth Dating Company,+18175296277
MJB Group Private Investigation and Civil Process Service,+19727987374
Law Offices of Debbie Reddick,+18172381006
Law Office of Ronda S. Haynes,+18177522177
The Murphree Law Office,+18172700030
Lane Jim,+18176255582
Kenneth N Price Law Office,+18174442561
Brian Walker Law Firm PLLC,+18176252233
"Law Office Of Carey Thompson, PC",+18178407503
Canas & Flores Attorneys Abogados,+18173326060
The Fort Worth Dating Company,+18175296277
Gene deBullet & Associates,+18173354767
MJB Group Private Investigation and Civil Process Service,+19727987374
Law Offices of Debbie Reddick,+18172381006
Lane Jim,+18176255582
Cohoon Legal,+16823239552
Wade Sparks Attorney At Law,+18173713250
"Law Office Of Carey Thompson, PC",+18178407503
Brian Walker Law Firm PLLC,+18176252233
Canas & Flores Attorneys Abogados,+18173326060
Gene deBullet & Associates,+18173354767
The Fort Worth Dating Company,+18175296277
MJB Group Private Investigation and Civil Process Service,+19727987374
Law Offices of Debbie Reddick,+18172381006
Lane Jim,+18176255582
Cohoon Legal,+16823239552
"Law Office Of Carey Thompson, PC",+18178407503
Wade Sparks Attorney At Law,+18173713250
Brian Walker Law Firm PLLC,+18176252233
Canas & Flores Attorneys Abogados,+18173326060
Stephenson & Beverly,
Gene deBullet & Associates,+18173354767
The Fort Worth Dating Company,+18175296277
MJB Group Private Investigation and Civil Process Service,+19727987374
Law Offices of Debbie Reddick,+18172381006
"Law Office Of Carey Thompson, PC",+18178407503
Lane Jim,+18176255582
Cohoon Legal,+16823239552
Brian Walker Law Firm PLLC,+18176252233
"Huebner Law Firm, PC",+18175761889
Wade Sparks Attorney At Law,+18173713250
Canas & Flores Attorneys Abogados,+18173326060
Law Office of J Daniel Gregory,+18173380608
Stephenson & Beverly,
Gene deBullet & Associates,+18173354767
The Fort Worth Dating Company,+18175296277
MJB Group Private Investigation and Civil Process Service,+19727987374
Law Offices of Debbie Reddick,+18172381006
"Law Office Of Carey Thompson, PC",+18178407503
Lane Jim,+18176255582
Cohoon Legal,+16823239552
Brian Walker Law Firm PLLC,+18176252233
Wade Sparks Attorney At Law,+18173713250
"Huebner Law Firm, PC",+18175761889
Law Office of Dale Heisch,+18178086353
Canas & Flores Attorneys Abogados,+18173326060
Cantu David B Attorney At Law,+18172222100
Law Office of J Daniel Gregory,+18173380608
Stephenson & Beverly,
Webb Charles E Atty,+18173360300
Gene deBullet & Associates,+18173354767
The Fort Worth Dating Company,+18175296277
MJB Group Private Investigation and Civil Process Service,+19727987374
The Duran Firm,+12144846500
"Law Office Of Carey Thompson, PC",+18178407503
Law Offices of Debbie Reddick,+18172381006
Lane Jim,+18176255582
Cohoon Legal,+16823239552
Brian Walker Law Firm PLLC,+18176252233
Law Office of Bonnie Wolf,+16822243438
"Huebner Law Firm, PC",+18175761889
Law Office of Dale Heisch,+18178086353
Wade Sparks Attorney At Law,+18173713250
Canas & Flores Attorneys Abogados,+18173326060
The Coffey Firm,+18178313100
Cantu David B Attorney At Law,+18172222100
Law Office of J Daniel Gregory,+18173380608
Stephenson & Beverly,
Webb Charles E Atty,+18173360300
Gene deBullet & Associates,+18173354767
The Fort Worth Dating Company,+18175296277
MJB Group Private Investigation and Civil Process Service,+19727987374
The Duran Firm,+12144846500
"Law Office Of Carey Thompson, PC",+18178407503
Law Offices of Debbie Reddick,+18172381006
Lane Jim,+18176255582
Cohoon Legal,+16823239552
Brian Walker Law Firm PLLC,+18176252233
Law Office of Bonnie Wolf,+16822243438
"Huebner Law Firm, PC",+18175761889
Law Office of Dale Heisch,+18178086353
Wade Sparks Attorney At Law,+18173713250
Richard Weaver & Associates,+18174225929
The Coffey Firm,+18178313100
Canas & Flores Attorneys Abogados,+18173326060
Cantu David B Attorney At Law,+18172222100
Law Office of J Daniel Gregory,+18173380608
Debusk David Attorney At Law,+18178314111
Stephenson & Beverly,
Webb Charles E Atty,+18173360300
David S Kohm & Associates,+18174583524
Gene deBullet & Associates,+18173354767
Michael W Broome PC,+18174209660
The Fort Worth Dating Company,+18175296277
MJB Group Private Investigation and Civil Process Service,+19727987374
The Duran Firm,+12144846500
"Law Office Of Carey Thompson, PC",+18178407503
Lane Jim,+18176255582
Law Offices of Debbie Reddick,+18172381006
Cohoon Legal,+16823239552
Law Office of Bonnie Wolf,+16822243438
"Huebner Law Firm, PC",+18175761889
Brian Walker Law Firm PLLC,+18176252233
Law Office of Dale Heisch,+18178086353
Wade Sparks Attorney At Law,+18173713250
Richard Weaver & Associates,+18174225929
The Coffey Firm,+18178313100
"Patrick Curran, Attorney At Law",+18178313311
Cantu David B Attorney At Law,+18172222100
Canas & Flores Attorneys Abogados,+18173326060
Law Office of J Daniel Gregory,+18173380608
Factor Abe Atty,+18172223333
Debusk David Attorney At Law,+18178314111
Stephenson & Beverly,
Webb Charles E Atty,+18173360300
Mallory Lollar Holt & Associates,+18178314321
David S Kohm & Associates,+18174583524
Michael W Broome PC,+18174209660
Gene deBullet & Associates,+18173354767
The Fort Worth Dating Company,+18175296277
MJB Group Private Investigation and Civil Process Service,+19727987374
The Duran Firm,+12144846500
AT&T Internet,+18445356390
"Law Office Of Carey Thompson, PC",+18178407503
Lane Jim,+18176255582
Law Office of Bonnie Wolf,+16822243438
Cohoon Legal,+16823239552
"Huebner Law Firm, PC",+18175761889
Law Offices of Debbie Reddick,+18172381006
Law Office of Dale Heisch,+18178086353
Brian Walker Law Firm PLLC,+18176252233
Richard Weaver & Associates,+18174225929
The Coffey Firm,+18178313100
Wade Sparks Attorney At Law,+18173713250
"Patrick Curran, Attorney At Law",+18178313311
Cantu David B Attorney At Law,+18172222100
Canas & Flores Attorneys Abogados,+18173326060
Factor Abe Atty,+18172223333
Law Office of J Daniel Gregory,+18173380608
Debusk David Attorney At Law,+18178314111
Webb Charles E Atty,+18173360300
Stephenson & Beverly,
Mallory Lollar Holt & Associates,+18178314321
David S Kohm & Associates,+18174583524
Michael W Broome PC,+18174209660
Gene deBullet & Associates,+18173354767
The Fort Worth Dating Company,+18175296277
Klapprodt Pools & Spas,+18174311847
MJB Group Private Investigation and Civil Process Service,+19727987374
The Duran Firm,+12144846500
AT&T Internet,+18445356390
"Law Office Of Carey Thompson, PC",+18178407503
Law Office of Bonnie Wolf,+16822243438
Lane Jim,+18176255582
"Huebner Law Firm, PC",+18175761889
Cohoon Legal,+16823239552
Law Office of Dale Heisch,+18178086353
Brian Walker Law Firm PLLC,+18176252233
Richard Weaver & Associates,+18174225929
The Coffey Firm,+18178313100
"Patrick Curran, Attorney At Law",+18178313311
Wade Sparks Attorney At Law,+18173713250
Cantu David B Attorney At Law,+18172222100
Factor Abe Atty,+18172223333
Law Office of J Daniel Gregory,+18173380608
Canas & Flores Attorneys Abogados,+18173326060
Debusk David Attorney At Law,+18178314111
Webb Charles E Atty,+18173360300
Mallory Lollar Holt & Associates,+18178314321
Stephenson & Beverly,
David S Kohm & Associates,+18174583524
Michael W Broome PC,+18174209660
Gene deBullet & Associates,+18173354767
The Fort Worth Dating Company,+18175296277
Klapprodt Pools & Spas,+18174311847
MJB Group Private Investigation and Civil Process Service,+19727987374
The Duran Firm,+12144846500
AT&T Internet,+18445356390
Law Office of Bonnie Wolf,+16822243438
"Huebner Law Firm, PC",+18175761889
Lane Jim,+18176255582
Law Office of Dale Heisch,+18178086353
Cohoon Legal,+16823239552
Kaye Lynne Boll & Associates,+18173545454
Richard Weaver & Associates,+18174225929
"Law Office Of Carey Thompson, PC",+18178407503
Brian Walker Law Firm PLLC,+18176252233
The Coffey Firm,+18178313100
"Patrick Curran, Attorney At Law",+18178313311
Cantu David B Attorney At Law,+18172222100
Factor Abe Atty,+18172223333
Wade Sparks Attorney At Law,+18173713250
Law Office of J Daniel Gregory,+18173380608
Debusk David Attorney At Law,+18178314111
Canas & Flores Attorneys Abogados,+18173326060
Matthew Pillado,+18006723911
Mallory Lollar Holt & Associates,+18178314321
Webb Charles E Atty,+18173360300
Stephenson & Beverly,
David S Kohm & Associates,+18174583524
Michael W Broome PC,+18174209660
Girling Law,+18174052151
Gene deBullet & Associates,+18173354767
The Fort Worth Dating Company,+18175296277
Klapprodt Pools & Spas,+18174311847
MJB Group Private Investigation and Civil Process Service,+19727987374
The Duran Firm,+12144846500
AT&T Internet,+18445356390
Law Office of Bonnie Wolf,+16822243438
Kaye Lynne Boll & Associates,+18173545454
Law Offices Of Monty J Buhrow,+18175909400
"Huebner Law Firm, PC",+18175761889
Law Office of Dale Heisch,+18178086353
Lane Jim,+18176255582
Cohoon Legal,+16823239552
Richard Weaver & Associates,+18174225929
"Patrick Curran, Attorney At Law",+18178313311
The Coffey Firm,+18178313100
Brian Walker Law Firm PLLC,+18176252233
Factor Abe Atty,+18172223333
Cantu David B Attorney At Law,+18172222100
"Law Office Of Carey Thompson, PC",+18178407503
Wade Sparks Attorney At Law,+18173713250
Law Office of J Daniel Gregory,+18173380608
Debusk David Attorney At Law,+18178314111
Beal Law Firm,+18172614333
Matthew Pillado,+18006723911
Mallory Lollar Holt & Associates,+18178314321
Canas & Flores Attorneys Abogados,+18173326060
Webb Charles E Atty,+18173360300
David S Kohm & Associates,+18174583524
Stephenson & Beverly,
The Law Office of Drake Dunnavent,+18172848400
Michael W Broome PC,+18174209660
Girling Law,+18174052151
The Lee Law Firm,+18176161150
Gene deBullet & Associates,+18173354767
The Fort Worth Dating Company,+18175296277
Klapprodt Pools & Spas,+18174311847
MJB Group Private Investigation and Civil Process Service,+19727987374
The Duran Firm,+12144846500
AT&T Internet,+18445356390
Kaye Lynne Boll & Associates,+18173545454
Law Offices Of Monty J Buhrow,+18175909400
Law Office of Bonnie Wolf,+16822243438
Law Office of Dale Heisch,+18178086353
"Huebner Law Firm, PC",+18175761889
Richard Weaver & Associates,+18174225929
"Patrick Curran, Attorney At Law",+18178313311
Cohoon Legal,+16823239552
Lane Jim,+18176255582
The Coffey Firm,+18178313100
Noteboom Law Firm,+18172829700
Factor Abe Atty,+18172223333
Wade Sparks Attorney At Law,+18173713250
Cantu David B Attorney At Law,+18172222100
Brian Walker Law Firm PLLC,+18176252233
Beal Law Firm,+18172614333
The Law Office of Elaine K Ryan,+18172820404
Debusk David Attorney At Law,+18178314111
Matthew Pillado,+18006723911
Law Office of J Daniel Gregory,+18173380608
"Law Office Of Carey Thompson, PC",+18178407503
Mallory Lollar Holt & Associates,+18178314321
"Ebert Law Offices, PC",+18172682468
Barbara D Nunneley,+18174856431
The Law Office of Drake Dunnavent,+18172848400
Webb Charles E Atty,+18173360300
David S Kohm & Associates,+18174583524
Canas & Flores Attorneys Abogados,+18173326060
"Law Office of Tom McKenzie, PC",+18172823868
Michael W Broome PC,+18174209660
Girling Law,+18174052151
Stephenson & Beverly,
The Lee Law Firm,+18176161150
Gene deBullet & Associates,+18173354767
The Fort Worth Dating Company,+18175296277
Klapprodt Pools & Spas,+18174311847
MJB Group Private Investigation and Civil Process Service,+19727987374
The Duran Firm,+12144846500
AT&T Internet,+18445356390
Tim Rusk Law Offices,+18172682525
Kaye Lynne Boll & Associates,+18173545454
Law Offices Of Monty J Buhrow,+18175909400
Law Office of Bonnie Wolf,+16822243438
Richard Weaver & Associates,+18174225929
"Patrick Curran, Attorney At Law",+18178313311
Law Office of Dale Heisch,+18178086353
Noteboom Law Firm,+18172829700
"Huebner Law Firm, PC",+18175761889
The Coffey Firm,+18178313100
Cohoon Legal,+16823239552
Factor Abe Atty,+18172223333
Lane Jim,+18176255582
Cantu David B Attorney At Law,+18172222100
The Law Office of Elaine K Ryan,+18172820404
Matthew Pillado,+18006723911
Beal Law Firm,+18172614333
Michael Smith,+18177885898
Brian Walker Law Firm PLLC,+18176252233
"Ebert Law Offices, PC",+18172682468
Debusk David Attorney At Law,+18178314111
Smith & Devoss Attorneys & Counselors,+18172825700
Diane M Wanger,+18172852855
Barbara D Nunneley,+18174856431
Mallory Lollar Holt & Associates,+18178314321
Law Office of J Daniel Gregory,+18173380608
Wade Sparks Attorney At Law,+18173713250
The Law Office of Drake Dunnavent,+18172848400
Girling Law,+18174052151
"Law Office of Tom McKenzie, PC",+18172823868
"Law Office Of Carey Thompson, PC",+18178407503
Michael W Broome PC,+18174209660
David S Kohm & Associates,+18174583524
Webb Charles E Atty,+18173360300
The Lee Law Firm,+18176161150
Gray Gregory E Atty,+18175902223
The Mesquite Group,+18777694069
Canas & Flores Attorneys Abogados,+18173326060
Stephenson & Beverly,
Gene deBullet & Associates,+18173354767
The Fort Worth Dating Company,+18175296277
Klapprodt Pools & Spas,+18174311847
MJB Group Private Investigation and Civil Process Service,+19727987374
The Duran Firm,+12144846500
AT&T Internet,+18445356390
Tim Rusk Law Offices,+18172682525
Kaye Lynne Boll & Associates,+18173545454
Law Offices Of Monty J Buhrow,+18175909400
Law Office of Bonnie Wolf,+16822243438
Noteboom Law Firm,+18172829700
"Hargrave Law, PC",+18172820679
Richard Weaver & Associates,+18174225929
"Patrick Curran, Attorney At Law",+18178313311
Law Office of Dale Heisch,+18178086353
"Huebner Law Firm, PC",+18175761889
Factor Abe Atty,+18172223333
The Coffey Firm,+18178313100
Cohoon Legal,+16823239552
The Law Office of Elaine K Ryan,+18172820404
Matthew Pillado,+18006723911
Lane Jim,+18176255582
Beal Law Firm,+18172614333
Michael Smith,+18177885898
"Ebert Law Offices, PC",+18172682468
Diane M Wanger,+18172852855
Barbara D Nunneley,+18174856431
Smith & Devoss Attorneys & Counselors,+18172825700
Cantu David B Attorney At Law,+18172222100
Girling Law,+18174052151
Wade Sparks Attorney At Law,+18173713250
Law Office of Christina Fox,+18174790535
The Law Office of Drake Dunnavent,+18172848400
Debusk David Attorney At Law,+18178314111
"Law Office of Tom McKenzie, PC",+18172823868
Mallory Lollar Holt & Associates,+18178314321
Brian Walker Law Firm PLLC,+18176252233
Law Office of J Daniel Gregory,+18173380608
The Lee Law Firm,+18176161150
Gray Gregory E Atty,+18175902223
The Mesquite Group,+18777694069
Chrissy Tefera,+18175030776
Michael W Broome PC,+18174209660
David S Kohm & Associates,+18174583524
Webb Charles E Atty,+18173360300
Canas & Flores Attorneys Abogados,+18173326060
Stephenson & Beverly,
Gene deBullet & Associates,+18173354767
The Fort Worth Dating Company,+18175296277
Klapprodt Pools & Spas,+18174311847
MJB Group Private Investigation and Civil Process Service,+19727987374
Emerald Residential Property Mgmt,+18174988210
The Duran Firm,+12144846500
AT&T Internet,+18445356390
Tim Rusk Law Offices,+18172682525
Kaye Lynne Boll & Associates,+18173545454
Law Offices Of Monty J Buhrow,+18175909400
Noteboom Law Firm,+18172829700
"Hargrave Law, PC",+18172820679
Law Office of Bonnie Wolf,+16822243438
The Smotherman Law Firm,+12142873904
"Patrick Curran, Attorney At Law",+18178313311
Richard Weaver & Associates,+18174225929
Law Office of Dale Heisch,+18178086353
The Law Office of Elaine K Ryan,+18172820404
Girling Law,+18174052151
"Ebert Law Offices, PC",+18172682468
Factor Abe Atty,+18172223333
Matthew Pillado,+18006723911
Michael Smith,+18177885898
"Huebner Law Firm, PC",+18175761889
Barbara D Nunneley,+18174856431
Diane M Wanger,+18172852855
Beal Law Firm,+18172614333
The Coffey Firm,+18178313100
Smith & Devoss Attorneys & Counselors,+18172825700
Law Office of Christina Fox,+18174790535
The Law Office of Drake Dunnavent,+18172848400
"Law Office of Tom McKenzie, PC",+18172823868
Cantu David B Attorney At Law,+18172222100
The Lee Law Firm,+18176161150
Debusk David Attorney At Law,+18178314111
Gray Gregory E Atty,+18175902223
Mallory Lollar Holt & Associates,+18178314321
Chrissy Tefera,+18175030776
The Mesquite Group,+18777694069
Law Office of J Daniel Gregory,+18173380608
David S Kohm & Associates,+18174583524
Webb Charles E Atty,+18173360300
Michael W Broome PC,+18174209660
Stephenson & Beverly,
The Hart Law Firm,+18173804888
Bailey & Galyen Attorneys at Law,+18178863329
The Law Office of Mary Holland & Janine Wilson,+18175458576
The Fort Worth Dating Company,+18175296277
MJB Group Private Investigation and Civil Process Service,+19727987374
Klapprodt Pools & Spas,+18174311847
The Duran Firm,+12144846500
Emerald Residential Property Mgmt,+18174988210
AT&T Internet,+18445356390
Law Offices of Debbie Reddick,+18172381006
Law Office of Ronda S. Haynes,+18177522177
The Murphree Law Office,+18172700030
Kenneth N Price Law Office,+18174442561
The Fort Worth Dating Company,+18175296277
MJB Group Private Investigation and Civil Process Service,+19727987374
The Duran Firm,+12144846500
Law Offices of Debbie Reddick,+18172381006
Law Office of Ronda S. Haynes,+18177522177
The Murphree Law Office,+18172700030
Kenneth N Price Law Office,+18174442561
The Fort Worth Dating Company,+18175296277
MJB Group Private Investigation and Civil Process Service,+19727987374
The Duran Firm,+12144846500
Law Offices of Debbie Reddick,+18172381006
Law Office of Ronda S. Haynes,+18177522177
The Murphree Law Office,+18172700030
Kenneth N Price Law Office,+18174442561
"Law Office Of Carey Thompson, PC",+18178407503
The Meza Law Firm,+18177326392
The Fort Worth Dating Company,+18175296277
MJB Group Private Investigation and Civil Process Service,+19727987374
The Duran Firm,+12144846500
Law Offices of Debbie Reddick,+18172381006
Law Office of Ronda S. Haynes,+18177522177
Lane Jim,+18176255582
The Murphree Law Office,+18172700030
Kenneth N Price Law Office,+18174442561
Brian Walker Law Firm PLLC,+18176252233
"Law Office Of Carey Thompson, PC",+18178407503
Canas & Flores Attorneys Abogados,+18173326060
The Meza Law Firm,+18177326392
The Fort Worth Dating Company,+18175296277
Gene deBullet & Associates,+18173354767
MJB Group Private Investigation and Civil Process Service,+19727987374
The Duran Firm,+12144846500
Law Offices of Debbie Reddick,+18172381006
Lane Jim,+18176255582
Brian Walker Law Firm PLLC,+18176252233
"Law Office Of Carey Thompson, PC",+18178407503
"Bryan E. Wilson, The Texas Law Hawk",+18174403953
Davidson Law Group,+18179006529
Wade Sparks Attorney At Law,+18173713250
Turner Monahan,+18173324477
Canas & Flores Attorneys Abogados,+18173326060
Bob Leonard Law Group,+18173368500
Herrmann Law,+18174799229
The Meza Law Firm,+18177326392
Hardy Law Group,+18178879158
Varghese Summersett,+18172032220
Cordell & Cordell,+19724903237
Wert Law Firm,+18174020430
Hoover D Robert,+18173353399
Jones Roger S PC,+18173327393
"Hawkins & Walker, PC",+18178773355
Andrew Deegan Attorney At Law,+18176897002
Favila Terry Law,+18173308177
Bush Robert W Atty,+18173351363
The Fort Worth Dating Company,+18175296277
Gene deBullet & Associates,+18173354767
Carole Kerr Attorney at Law,+18173323700
Law Offices Of Paula R Moore,+18173322300
Summit Merchant Solutions,+18173172995
MJB Group Private Investigation and Civil Process Service,+19727987374
The Duran Firm,+12144846500
Law Offices of Debbie Reddick,+18172381006
Lane Jim,+18176255582
Brian Walker Law Firm PLLC,+18176252233
"Law Office Of Carey Thompson, PC",+18178407503
"Bryan E. Wilson, The Texas Law Hawk",+18174403953
Davidson Law Group,+18179006529
Beasley Law Firm,+18173381877
Wade Sparks Attorney At Law,+18173713250
Justin Sparks Law Firm,+18173340300
Linebarger Goggan Blair Pena & Sampson Llp,+18178775401
Turner Monahan,+18173324477
Canas & Flores Attorneys Abogados,+18173326060
Hampton Carter L Atty At Law,+18178774202
Bob Leonard Law Group,+18173368500
Stasio & Stasio Law,+18173325113
Herrmann Law,+18174799229
Sisemore Law Firm,+18174065048
The Meza Law Firm,+18177326392
Hardy Law Group,+18178879158
Varghese Summersett,+18172032220
The Law Office of V. Wayne Ward,+18173321172
"The Law Office of J. Daniel Gregory, PC",+18173380608
Law Offices of Jeff C. Kennedy,+18176051010
Cordell & Cordell,+19724903237
Dunham & Jones Attorneys at Law,+18178888888
Wert Law Firm,+18174020430
Hoover D Robert,+18173353399
Jones Roger S PC,+18173327393
"Hawkins & Walker, PC",+18178773355
Andrew Deegan Attorney At Law,+18176897002
Stephenson & Beverly,
Favila Terry Law,+18173308177
"Schneider Law Firm, PC",+18178509955
Youngblood Law,+18176015345
Fred Cummings,+18173353500
Barnett Howard & Williams,+18179939249
Stasio Andrew Atty,+18173325113
Gene deBullet & Associates,+18173354767
Bush Robert W Atty,+18173351363
Carole Kerr Attorney at Law,+18173323700
The Fort Worth Dating Company,+18175296277
Law Offices Of Paula R Moore,+18173322300
Law Office of Carey Thompson,+18178407503
Summit Merchant Solutions,+18173172995
MJB Group Private Investigation and Civil Process Service,+19727987374
The Duran Firm,+12144846500
Law Offices of Debbie Reddick,+18172381006
Lane Jim,+18176255582
"Law Office Of Carey Thompson, PC",+18178407503
Brian Walker Law Firm PLLC,+18176252233
"Bryan E. Wilson, The Texas Law Hawk",+18174403953
Wade Sparks Attorney At Law,+18173713250
Beasley Law Firm,+18173381877
Davidson Law Group,+18179006529
Justin Sparks Law Firm,+18173340300
"Huebner Law Firm, PC",+18175761889
Linebarger Goggan Blair Pena & Sampson Llp,+18178775401
Turner Monahan,+18173324477
Canas & Flores Attorneys Abogados,+18173326060
Hampton Carter L Atty At Law,+18178774202
Bob Leonard Law Group,+18173368500
Stasio & Stasio Law,+18173325113
Herrmann Law,+18174799229
Sisemore Law Firm,+18174065048
Hardy Law Group,+18178879158
Varghese Summersett,+18172032220
The Meza Law Firm,+18177326392
The Law Office of V. Wayne Ward,+18173321172
"The Law Office of J. Daniel Gregory, PC",+18173380608
Law Office of J Daniel Gregory,+18173380608
Law Offices of Jeff C. Kennedy,+18176051010
Dunham & Jones Attorneys at Law,+18178888888
Cordell & Cordell,+19724903237
Wert Law Firm,+18174020430
Hoover D Robert,+18173353399
Jones Roger S PC,+18173327393
"Hawkins & Walker, PC",+18178773355
Stephenson & Beverly,
Andrew Deegan Attorney At Law,+18176897002
Favila Terry Law,+18173308177
"Schneider Law Firm, PC",+18178509955
Youngblood Law,+18176015345
Fred Cummings,+18173353500
Barnett Howard & Williams,+18179939249
Stasio Andrew Atty,+18173325113
Gene deBullet & Associates,+18173354767
Bush Robert W Atty,+18173351363
Carole Kerr Attorney at Law,+18173323700
The Fort Worth Dating Company,+18175296277
Law Offices Of Paula R Moore,+18173322300
Law Office of Carey Thompson,+18178407503
Summit Merchant Solutions,+18173172995
MJB Group Private Investigation and Civil Process Service,+19727987374
The Duran Firm,+12144846500
Law Offices of Debbie Reddick,+18172381006
"Law Office Of Carey Thompson, PC",+18178407503
Lane Jim,+18176255582
Brian Walker Law Firm PLLC,+18176252233
Wade Sparks Attorney At Law,+18173713250
Law Office of Dale Heisch,+18178086353
Beasley Law Firm,+18173381877
"Bryan E. Wilson, The Texas Law Hawk",+18174403953
Justin Sparks Law Firm,+18173340300
Davidson Law Group,+18179006529
"Huebner Law Firm, PC",+18175761889
Linebarger Goggan Blair Pena & Sampson Llp,+18178775401
Turner Monahan,+18173324477
Canas & Flores Attorneys Abogados,+18173326060
Bob Leonard Law Group,+18173368500
Hampton Carter L Atty At Law,+18178774202
Stasio & Stasio Law,+18173325113
Sisemore Law Firm,+18174065048
Herrmann Law,+18174799229
Cantu David B Attorney At Law,+18172222100
Varghese Summersett,+18172032220
Hardy Law Group,+18178879158
The Law Office of V. Wayne Ward,+18173321172
Law Office of J Daniel Gregory,+18173380608
The Meza Law Firm,+18177326392
"The Law Office of J. Daniel Gregory, PC",+18173380608
Law Offices of Jeff C. Kennedy,+18176051010
Dunham & Jones Attorneys at Law,+18178888888
Cordell & Cordell,+19724903237
Wert Law Firm,+18174020430
Hoover D Robert,+18173353399
Jones Roger S PC,+18173327393
Stephenson & Beverly,
"Hawkins & Walker, PC",+18178773355
Andrew Deegan Attorney At Law,+18176897002
Webb Charles E Atty,+18173360300
Favila Terry Law,+18173308177
"Schneider Law Firm, PC",+18178509955
Youngblood Law,+18176015345
Fred Cummings,+18173353500
Barnett Howard & Williams,+18179939249
Stasio Andrew Atty,+18173325113
Gene deBullet & Associates,+18173354767
Bush Robert W Atty,+18173351363
Carole Kerr Attorney at Law,+18173323700
The Fort Worth Dating Company,+18175296277
Law Offices Of Paula R Moore,+18173322300
Law Office of Carey Thompson,+18178407503
Summit Merchant Solutions,+18173172995
MJB Group Private Investigation and Civil Process Service,+19727987374
"Law Office Of Carey Thompson, PC",+18178407503
Law Offices of Debbie Reddick,+18172381006
Lane Jim,+18176255582
Brian Walker Law Firm PLLC,+18176252233
Wade Sparks Attorney At Law,+18173713250
Law Office of Bonnie Wolf,+16822243438
Law Office of Dale Heisch,+18178086353
Beasley Law Firm,+18173381877
Justin Sparks Law Firm,+18173340300
"Bryan E. Wilson, The Texas Law Hawk",+18174403953
Davidson Law Group,+18179006529
"Huebner Law Firm, PC",+18175761889
Linebarger Goggan Blair Pena & Sampson Llp,+18178775401
Canas & Flores Attorneys Abogados,+18173326060
Turner Monahan,+18173324477
The Coffey Firm,+18178313100
Bob Leonard Law Group,+18173368500
Hampton Carter L Atty At Law,+18178774202
Stasio & Stasio Law,+18173325113
Cantu David B Attorney At Law,+18172222100
Sisemore Law Firm,+18174065048
Herrmann Law,+18174799229
Varghese Summersett,+18172032220
Law Office of J Daniel Gregory,+18173380608
Hardy Law Group,+18178879158
The Law Office of V. Wayne Ward,+18173321172
"The Law Office of J. Daniel Gregory, PC",+18173380608
The Meza Law Firm,+18177326392
Law Offices of Jeff C. Kennedy,+18176051010
Dunham & Jones Attorneys at Law,+18178888888
Hoover D Robert,+18173353399
Cordell & Cordell,+19724903237
Wert Law Firm,+18174020430
Stephenson & Beverly,
Jones Roger S PC,+18173327393
Andrew Deegan Attorney At Law,+18176897002
"Hawkins & Walker, PC",+18178773355
Webb Charles E Atty,+18173360300
Favila Terry Law,+18173308177
"Schneider Law Firm, PC",+18178509955
Youngblood Law,+18176015345
Fred Cummings,+18173353500
Stasio Andrew Atty,+18173325113
Barnett Howard & Williams,+18179939249
Gene deBullet & Associates,+18173354767
Bush Robert W Atty,+18173351363
Carole Kerr Attorney at Law,+18173323700
Law Offices Of Paula R Moore,+18173322300
The Fort Worth Dating Company,+18175296277
Law Office of Carey Thompson,+18178407503
"Law Office Of Carey Thompson, PC",+18178407503
Lane Jim,+18176255582
Law Offices of Debbie Reddick,+18172381006
Brian Walker Law Firm PLLC,+18176252233
Law Office of Bonnie Wolf,+16822243438
Law Office of Dale Heisch,+18178086353
Wade Sparks Attorney At Law,+18173713250
Beasley Law Firm,+18173381877
Justin Sparks Law Firm,+18173340300
"Bryan E. Wilson, The Texas Law Hawk",+18174403953
Davidson Law Group,+18179006529
"Huebner Law Firm, PC",+18175761889
Canas & Flores Attorneys Abogados,+18173326060
Linebarger Goggan Blair Pena & Sampson Llp,+18178775401
Turner Monahan,+18173324477
The Coffey Firm,+18178313100
Richard Weaver & Associates,+18174225929
Cantu David B Attorney At Law,+18172222100
Bob Leonard Law Group,+18173368500
Hampton Carter L Atty At Law,+18178774202
Stasio & Stasio Law,+18173325113
Sisemore Law Firm,+18174065048
Herrmann Law,+18174799229
Law Office of J Daniel Gregory,+18173380608
Varghese Summersett,+18172032220
The Law Office of V. Wayne Ward,+18173321172
Hardy Law Group,+18178879158
"The Law Office of J. Daniel Gregory, PC",+18173380608
Law Offices of Jeff C. Kennedy,+18176051010
Dunham & Jones Attorneys at Law,+18178888888
The Meza Law Firm,+18177326392
Hoover D Robert,+18173353399
Cordell & Cordell,+19724903237
Wert Law Firm,+18174020430
Stephenson & Beverly,
Debusk David Attorney At Law,+18178314111
Andrew Deegan Attorney At Law,+18176897002
"Hawkins & Walker, PC",+18178773355
Jones Roger S PC,+18173327393
Webb Charles E Atty,+18173360300
Favila Terry Law,+18173308177
"Schneider Law Firm, PC",+18178509955
Youngblood Law,+18176015345
Fred Cummings,+18173353500
Stasio Andrew Atty,+18173325113
Barnett Howard & Williams,+18179939249
Gene deBullet & Associates,+18173354767
David S Kohm & Associates,+18174583524
Bush Robert W Atty,+18173351363
Carole Kerr Attorney at Law,+18173323700
"Law Office Of Carey Thompson, PC",+18178407503
Lane Jim,+18176255582
Brian Walker Law Firm PLLC,+18176252233
Law Offices of Debbie Reddick,+18172381006
Wade Sparks Attorney At Law,+18173713250
Law Office of Bonnie Wolf,+16822243438
Law Office of Dale Heisch,+18178086353
Beasley Law Firm,+18173381877
Justin Sparks Law Firm,+18173340300
"Huebner Law Firm, PC",+18175761889
"Bryan E. Wilson, The Texas Law Hawk",+18174403953
Davidson Law Group,+18179006529
The Coffey Firm,+18178313100
Richard Weaver & Associates,+18174225929
Canas & Flores Attorneys Abogados,+18173326060
Linebarger Goggan Blair Pena & Sampson Llp,+18178775401
Turner Monahan,+18173324477
Cantu David B Attorney At Law,+18172222100
"Patrick Curran, Attorney At Law",+18178313311
Hampton Carter L Atty At Law,+18178774202
Stasio & Stasio Law,+18173325113
Bob Leonard Law Group,+18173368500
Law Office of J Daniel Gregory,+18173380608
Sisemore Law Firm,+18174065048
Herrmann Law,+18174799229
The Law Office of V. Wayne Ward,+18173321172
Varghese Summersett,+18172032220
Factor Abe Atty,+18172223333
Hardy Law Group,+18178879158
"The Law Office of J. Daniel Gregory, PC",+18173380608
Dunham & Jones Attorneys at Law,+18178888888
Law Offices of Jeff C. Kennedy,+18176051010
Hoover D Robert,+18173353399
The Meza Law Firm,+18177326392
Debusk David Attorney At Law,+18178314111
Cordell & Cordell,+19724903237
Wert Law Firm,+18174020430
Stephenson & Beverly,
Webb Charles E Atty,+18173360300
Andrew Deegan Attorney At Law,+18176897002
"Hawkins & Walker, PC",+18178773355
Jones Roger S PC,+18173327393
Favila Terry Law,+18173308177
"Schneider Law Firm, PC",+18178509955
Mallory Lollar Holt & Associates,+18178314321
Youngblood Law,+18176015345
Fred Cummings,+18173353500
Stasio Andrew Atty,+18173325113
Barnett Howard & Williams,+18179939249
David S Kohm & Associates,+18174583524
"Law Office Of Carey Thompson, PC",+18178407503
Lane Jim,+18176255582
Law Office of Bonnie Wolf,+16822243438
Brian Walker Law Firm PLLC,+18176252233
Law Office of Dale Heisch,+18178086353
Law Offices of Debbie Reddick,+18172381006
Beasley Law Firm,+18173381877
Justin Sparks Law Firm,+18173340300
"Huebner Law Firm, PC",+18175761889
Wade Sparks Attorney At Law,+18173713250
The Coffey Firm,+18178313100
Richard Weaver & Associates,+18174225929
"Bryan E. Wilson, The Texas Law Hawk",+18174403953
Davidson Law Group,+18179006529
"Patrick Curran, Attorney At Law",+18178313311
Cantu David B Attorney At Law,+18172222100
Linebarger Goggan Blair Pena & Sampson Llp,+18178775401
Turner Monahan,+18173324477
Canas & Flores Attorneys Abogados,+18173326060
Law Office of J Daniel Gregory,+18173380608
Hampton Carter L Atty At Law,+18178774202
Stasio & Stasio Law,+18173325113
Bob Leonard Law Group,+18173368500
Sisemore Law Firm,+18174065048
Factor Abe Atty,+18172223333
Herrmann Law,+18174799229
The Law Office of V. Wayne Ward,+18173321172
Varghese Summersett,+18172032220
"The Law Office of J. Daniel Gregory, PC",+18173380608
Hardy Law Group,+18178879158
Debusk David Attorney At Law,+18178314111
Dunham & Jones Attorneys at Law,+18178888888
Law Offices of Jeff C. Kennedy,+18176051010
Hoover D Robert,+18173353399
Webb Charles E Atty,+18173360300
Stephenson & Beverly,
Cordell & Cordell,+19724903237
The Meza Law Firm,+18177326392
Wert Law Firm,+18174020430
Andrew Deegan Attorney At Law,+18176897002
Kane | Varghese law firm,+18172104247
"Hawkins & Walker, PC",+18178773355
Jones Roger S PC,+18173327393
Mallory Lollar Holt & Associates,+18178314321
Favila Terry Law,+18173308177
"Schneider Law Firm, PC",+18178509955
Youngblood Law,+18176015345
Fred Cummings,+18173353500
Law Office of Jim Graham,+18175864349
David S Kohm & Associates,+18174583524
Lane Jim,+18176255582
Law Office of Bonnie Wolf,+16822243438
Law Office of Dale Heisch,+18178086353
Brian Walker Law Firm PLLC,+18176252233
"Law Office Of Carey Thompson, PC",+18178407503
Richard Weaver & Associates,+18174225929
The Coffey Firm,+18178313100
"Huebner Law Firm, PC",+18175761889
Beasley Law Firm,+18173381877
Justin Sparks Law Firm,+18173340300
"Patrick Curran, Attorney At Law",+18178313311
Wade Sparks Attorney At Law,+18173713250
Cantu David B Attorney At Law,+18172222100
"Bryan E. Wilson, The Texas Law Hawk",+18174403953
Davidson Law Group,+18179006529
Linebarger Goggan Blair Pena & Sampson Llp,+18178775401
Turner Monahan,+18173324477
Factor Abe Atty,+18172223333
Canas & Flores Attorneys Abogados,+18173326060
Law Office of J Daniel Gregory,+18173380608
Hampton Carter L Atty At Law,+18178774202
Stasio & Stasio Law,+18173325113
Sisemore Law Firm,+18174065048
Bob Leonard Law Group,+18173368500
Debusk David Attorney At Law,+18178314111
Herrmann Law,+18174799229
The Law Office of V. Wayne Ward,+18173321172
Varghese Summersett,+18172032220
"The Law Office of J. Daniel Gregory, PC",+18173380608
Hardy Law Group,+18178879158
Dunham & Jones Attorneys at Law,+18178888888
Law Offices of Jeff C. Kennedy,+18176051010
Webb Charles E Atty,+18173360300
Stephenson & Beverly,
Hoover D Robert,+18173353399
Cordell & Cordell,+19724903237
Mallory Lollar Holt & Associates,+18178314321
Kane | Varghese law firm,+18172104247
Wert Law Firm,+18174020430
The Meza Law Firm,+18177326392
Andrew Deegan Attorney At Law,+18176897002
Jones Roger S PC,+18173327393
"Hawkins & Walker, PC",+18178773355
Favila Terry Law,+18173308177
"Schneider Law Firm, PC",+18178509955
Law Office of Jim Graham,+18175864349
Youngblood Law,+18176015345
Fred Cummings,+18173353500
David S Kohm & Associates,+18174583524
Michael W Broome PC,+18174209660
Law Office of Bonnie Wolf,+16822243438
Lane Jim,+18176255582
Law Office of Dale Heisch,+18178086353
Richard Weaver & Associates,+18174225929
Wade Sparks Attorney At Law,+18173713250
The Coffey Firm,+18178313100
Brian Walker Law Firm PLLC,+18176252233
"Patrick Curran, Attorney At Law",+18178313311
Kaye Lynne Boll & Associates,+18173545454
"Huebner Law Firm, PC",+18175761889
Cantu David B Attorney At Law,+18172222100
Beasley Law Firm,+18173381877
Justin Sparks Law Firm,+18173340300
"Law Office Of Carey Thompson, PC",+18178407503
Factor Abe Atty,+18172223333
"Bryan E. Wilson, The Texas Law Hawk",+18174403953
Davidson Law Group,+18179006529
Linebarger Goggan Blair Pena & Sampson Llp,+18178775401
Turner Monahan,+18173324477
Law Office of J Daniel Gregory,+18173380608
Debusk David Attorney At Law,+18178314111
Canas & Flores Attorneys Abogados,+18173326060
Hampton Carter L Atty At Law,+18178774202
Stasio & Stasio Law,+18173325113
Sisemore Law Firm,+18174065048
Bob Leonard Law Group,+18173368500
The Law Office of V. Wayne Ward,+18173321172
Herrmann Law,+18174799229
Varghese Summersett,+18172032220
"The Law Office of J. Daniel Gregory, PC",+18173380608
Dunham & Jones Attorneys at Law,+18178888888
Webb Charles E Atty,+18173360300
Mallory Lollar Holt & Associates,+18178314321
Hardy Law Group,+18178879158
Law Offices of Jeff C. Kennedy,+18176051010
Kane | Varghese law firm,+18172104247
Matthew Pillado,+18006723911
Stephenson & Beverly,
Hoover D Robert,+18173353399
Cordell & Cordell,+19724903237
Wert Law Firm,+18174020430
Andrew Deegan Attorney At Law,+18176897002
The Meza Law Firm,+18177326392
Jones Roger S PC,+18173327393
"Hawkins & Walker, PC",+18178773355
Glynis Adams McGinty,+18174466112
Law Office of Jim Graham,+18175864349
Favila Terry Law,+18173308177
"Schneider Law Firm, PC",+18178509955
Michael W Broome PC,+18174209660
Law Office of Bonnie Wolf,+16822243438
Law Office of Dale Heisch,+18178086353
Richard Weaver & Associates,+18174225929
Lane Jim,+18176255582
Law Offices Of Monty J Buhrow,+18175909400
The Coffey Firm,+18178313100
Kaye Lynne Boll & Associates,+18173545454
"Patrick Curran, Attorney At Law",+18178313311
Cantu David B Attorney At Law,+18172222100
Brian Walker Law Firm PLLC,+18176252233
"Huebner Law Firm, PC",+18175761889
Factor Abe Atty,+18172223333
Beasley Law Firm,+18173381877
Justin Sparks Law Firm,+18173340300
"Bryan E. Wilson, The Texas Law Hawk",+18174403953
Wade Sparks Attorney At Law,+18173713250
Davidson Law Group,+18179006529
Linebarger Goggan Blair Pena & Sampson Llp,+18178775401
Law Office of J Daniel Gregory,+18173380608
Debusk David Attorney At Law,+18178314111
Turner Monahan,+18173324477
"Law Office Of Carey Thompson, PC",+18178407503
Hampton Carter L Atty At Law,+18178774202
Mallory Lollar Holt & Associates,+18178314321
Stasio & Stasio Law,+18173325113
Sisemore Law Firm,+18174065048
Canas & Flores Attorneys Abogados,+18173326060
Matthew Pillado,+18006723911
Bob Leonard Law Group,+18173368500
The Law Office of V. Wayne Ward,+18173321172
Kane | Varghese law firm,+18172104247
Herrmann Law,+18174799229
Webb Charles E Atty,+18173360300
Varghese Summersett,+18172032220
"The Law Office of J. Daniel Gregory, PC",+18173380608
Dunham & Jones Attorneys at Law,+18178888888
Hardy Law Group,+18178879158
Law Offices of Jeff C. Kennedy,+18176051010
Michael W Broome PC,+18174209660
Stephenson & Beverly,
Hoover D Robert,+18173353399
Cordell & Cordell,+19724903237
Glynis Adams McGinty,+18174466112
Wert Law Firm,+18174020430
Law Office of Jim Graham,+18175864349
Andrew Deegan Attorney At Law,+18176897002
The Law Office of Drake Dunnavent,+18172848400
The Meza Law Firm,+18177326392
Jones Roger S PC,+18173327393
"Hawkins & Walker, PC",+18178773355
Law Office of Bonnie Wolf,+16822243438
Law Offices Of Monty J Buhrow,+18175909400
Kaye Lynne Boll & Associates,+18173545454
Richard Weaver & Associates,+18174225929
Law Office of Dale Heisch,+18178086353
"Patrick Curran, Attorney At Law",+18178313311
The Coffey Firm,+18178313100
Lane Jim,+18176255582
Factor Abe Atty,+18172223333
Cantu David B Attorney At Law,+18172222100
"Huebner Law Firm, PC",+18175761889
Noteboom Law Firm,+18172829700
Beasley Law Firm,+18173381877
Brian Walker Law Firm PLLC,+18176252233
Justin Sparks Law Firm,+18173340300
Debusk David Attorney At Law,+18178314111
"Bryan E. Wilson, The Texas Law Hawk",+18174403953
Davidson Law Group,+18179006529
Law Office of J Daniel Gregory,+18173380608
Linebarger Goggan Blair Pena & Sampson Llp,+18178775401
Wade Sparks Attorney At Law,+18173713250
Mallory Lollar Holt & Associates,+18178314321
Turner Monahan,+18173324477
Matthew Pillado,+18006723911
Michael W Broome PC,+18174209660
The Law Office of Elaine K Ryan,+18172820404
Kane | Varghese law firm,+18172104247
Hampton Carter L Atty At Law,+18178774202
Stasio & Stasio Law,+18173325113
Sisemore Law Firm,+18174065048
"Law Office Of Carey Thompson, PC",+18178407503
Webb Charles E Atty,+18173360300
The Law Office of V. Wayne Ward,+18173321172
Bob Leonard Law Group,+18173368500
Herrmann Law,+18174799229
"Ebert Law Offices, PC",+18172682468
Canas & Flores Attorneys Abogados,+18173326060
Varghese Summersett,+18172032220
"The Law Office of J. Daniel Gregory, PC",+18173380608
Dunham & Jones Attorneys at Law,+18178888888
The Law Office of Drake Dunnavent,+18172848400
Barbara D Nunneley,+18174856431
Hardy Law Group,+18178879158
Glynis Adams McGinty,+18174466112
Law Offices of Jeff C. Kennedy,+18176051010
Stephenson & Beverly,
"Law Office of Tom McKenzie, PC",+18172823868
Law Office of Jim Graham,+18175864349
Cordell & Cordell,+19724903237
Hoover D Robert,+18173353399
Tim Rusk Law Offices,+18172682525
Law Offices Of Monty J Buhrow,+18175909400
Kaye Lynne Boll & Associates,+18173545454
Law Office of Bonnie Wolf,+16822243438
Richard Weaver & Associates,+18174225929
"Patrick Curran, Attorney At Law",+18178313311
Law Office of Dale Heisch,+18178086353
The Coffey Firm,+18178313100
Factor Abe Atty,+18172223333
Noteboom Law Firm,+18172829700
Lane Jim,+18176255582
Cantu David B Attorney At Law,+18172222100
"Huebner Law Firm, PC",+18175761889
Matthew Pillado,+18006723911
Debusk David Attorney At Law,+18178314111
Beasley Law Firm,+18173381877
Justin Sparks Law Firm,+18173340300
Michael W Broome PC,+18174209660
Mallory Lollar Holt & Associates,+18178314321
The Law Office of Elaine K Ryan,+18172820404
Brian Walker Law Firm PLLC,+18176252233
"Bryan E. Wilson, The Texas Law Hawk",+18174403953
Kane | Varghese law firm,+18172104247
Linebarger Goggan Blair Pena & Sampson Llp,+18178775401
Law Office of J Daniel Gregory,+18173380608
Davidson Law Group,+18179006529
Michael Smith,+18177885898
Turner Monahan,+18173324477
Smith & Devoss Attorneys & Counselors,+18172825700
Wade Sparks Attorney At Law,+18173713250
"Ebert Law Offices, PC",+18172682468
Diane M Wanger,+18172852855
The Law Office of Drake Dunnavent,+18172848400
Barbara D Nunneley,+18174856431
Hampton Carter L Atty At Law,+18178774202
Stasio & Stasio Law,+18173325113
Sisemore Law Firm,+18174065048
Webb Charles E Atty,+18173360300
Glynis Adams McGinty,+18174466112
"Law Office of Tom McKenzie, PC",+18172823868
The Law Office of V. Wayne Ward,+18173321172
Bob Leonard Law Group,+18173368500
Herrmann Law,+18174799229
Girling Law,+18174052151
Law Office of Jim Graham,+18175864349
"Law Office Of Carey Thompson, PC",+18178407503
Varghese Summersett,+18172032220
"The Law Office of J. Daniel Gregory, PC",+18173380608
Canas & Flores Attorneys Abogados,+18173326060
Dunham & Jones Attorneys at Law,+18178888888
Tim Rusk Law Offices,+18172682525
Law Offices Of Monty J Buhrow,+18175909400
Kaye Lynne Boll & Associates,+18173545454
Law Office of Bonnie Wolf,+16822243438
Richard Weaver & Associates,+18174225929
"Patrick Curran, Attorney At Law",+18178313311
Noteboom Law Firm,+18172829700
"Hargrave Law, PC",+18172820679
Law Office of Dale Heisch,+18178086353
Factor Abe Atty,+18172223333
The Coffey Firm,+18178313100
Matthew Pillado,+18006723911
Lane Jim,+18176255582
The Law Office of Elaine K Ryan,+18172820404
Cantu David B Attorney At Law,+18172222100
"Huebner Law Firm, PC",+18175761889
"Ebert Law Offices, PC",+18172682468
Debusk David Attorney At Law,+18178314111
Mallory Lollar Holt & Associates,+18178314321
Michael Smith,+18177885898
The Law Office of Drake Dunnavent,+18172848400
Smith & Devoss Attorneys & Counselors,+18172825700
Diane M Wanger,+18172852855
Barbara D Nunneley,+18174856431
Beasley Law Firm,+18173381877
Justin Sparks Law Firm,+18173340300
Kane | Varghese law firm,+18172104247
Michael W Broome PC,+18174209660
"Bryan E. Wilson, The Texas Law Hawk",+18174403953
Brian Walker Law Firm PLLC,+18176252233
Law Office of Christina Fox,+18174790535
Linebarger Goggan Blair Pena & Sampson Llp,+18178775401
"Law Office of Tom McKenzie, PC",+18172823868
Law Office of J Daniel Gregory,+18173380608
Davidson Law Group,+18179006529
Turner Monahan,+18173324477
Girling Law,+18174052151
Wade Sparks Attorney At Law,+18173713250
Glynis Adams McGinty,+18174466112
The Lee Law Firm,+18176161150
Hampton Carter L Atty At Law,+18178774202
The Mesquite Group,+18777694069
Gray Gregory E Atty,+18175902223
Webb Charles E Atty,+18173360300
Law Office of Jim Graham,+18175864349
Stasio & Stasio Law,+18173325113
Sisemore Law Firm,+18174065048
The Law Office of V. Wayne Ward,+18173321172
Herrmann Law,+18174799229
Bob Leonard Law Group,+18173368500
Tim Rusk Law Offices,+18172682525
Law Offices Of Monty J Buhrow,+18175909400
Kaye Lynne Boll & Associates,+18173545454
Noteboom Law Firm,+18172829700
Law Office of Bonnie Wolf,+16822243438
"Hargrave Law, PC",+18172820679
"Patrick Curran, Attorney At Law",+18178313311
Richard Weaver & Associates,+18174225929
Matthew Pillado,+18006723911
Law Office of Dale Heisch,+18178086353
Factor Abe Atty,+18172223333
The Smotherman Law Firm,+12142873904
The Coffey Firm,+18178313100
The Law Office of Drake Dunnavent,+18172848400
The Law Office of Elaine K Ryan,+18172820404
"Ebert Law Offices, PC",+18172682468
Michael Smith,+18177885898
Diane M Wanger,+18172852855
Smith & Devoss Attorneys & Counselors,+18172825700
Barbara D Nunneley,+18174856431
"Huebner Law Firm, PC",+18175761889
Cantu David B Attorney At Law,+18172222100
Law Office of Christina Fox,+18174790535
Kane | Varghese law firm,+18172104247
Girling Law,+18174052151
Mallory Lollar Holt & Associates,+18178314321
"Law Office of Tom McKenzie, PC",+18172823868
Debusk David Attorney At Law,+18178314111
Beasley Law Firm,+18173381877
Justin Sparks Law Firm,+18173340300
The Lee Law Firm,+18176161150
"Bryan E. Wilson, The Texas Law Hawk",+18174403953
Linebarger Goggan Blair Pena & Sampson Llp,+18178775401
Glynis Adams McGinty,+18174466112
The Mesquite Group,+18777694069
Gray Gregory E Atty,+18175902223
Turner Monahan,+18173324477
Law Office of J Daniel Gregory,+18173380608
Hampton Carter L Atty At Law,+18178774202
Chrissy Tefera,+18175030776
Law Office of Jim Graham,+18175864349
Michael W Broome PC,+18174209660
Stasio & Stasio Law,+18173325113
Sisemore Law Firm,+18174065048
Webb Charles E Atty,+18173360300
Lombrano - Williamson & Associates,+18174292667
Herrmann Law,+18174799229
The Law Office of V. Wayne Ward,+18173321172
Varghese Summersett,+18172032220
"The Law Office of J. Daniel Gregory, PC",+18173380608
Law Offices of Debbie Reddick,+18172381006
Law Office of Ronda S. Haynes,+18177522177
The Murphree Law Office,+18172700030
Kenneth N Price Law Office,+18174442561
Thomas Legal,+18172642526
Kinney Recruiting,+12145265050
The Fort Worth Dating Company,+18175296277
MJB Group Private Investigation and Civil Process Service,+19727987374
The Duran Firm,+12144846500
Law Offices of Debbie Reddick,+18172381006
Law Office of Ronda S. Haynes,+18177522177
The Murphree Law Office,+18172700030
Kenneth N Price Law Office,+18174442561
Thomas Legal,+18172642526
Law Office of Mark M. Childress,+18174759362
Kinney Recruiting,+12145265050
Kevin Schmid & Associates,+18173773000
The Fort Worth Dating Company,+18175296277
MJB Group Private Investigation and Civil Process Service,+19727987374
The Duran Firm,+12144846500
Law Offices of Debbie Reddick,+18172381006
Law Office of Ronda S. Haynes,+18177522177
The Murphree Law Office,+18172700030
Kenneth N Price Law Office,+18174442561
Thomas Legal,+18172642526
"Law Office Of Carey Thompson, PC",+18178407503
The Meza Law Firm,+18177326392
Law Office of Mark M. Childress,+18174759362
Kinney Recruiting,+12145265050
Kevin Schmid & Associates,+18173773000
The Fort Worth Dating Company,+18175296277
MJB Group Private Investigation and Civil Process Service,+19727987374
The Duran Firm,+12144846500
Law Offices of Debbie Reddick,+18172381006
Wynne Law Firm,+18173322202
Lane Jim,+18176255582
Law Office of Ronda S. Haynes,+18177522177
Brian Walker Law Firm PLLC,+18176252233
The Murphree Law Office,+18172700030
Kenneth N Price Law Office,+18174442561
Thomas Legal,+18172642526
"Law Office Of Carey Thompson, PC",+18178407503
Canas & Flores Attorneys Abogados,+18173326060
The Meza Law Firm,+18177326392
Law Office of Mark M. Childress,+18174759362
Kinney Recruiting,+12145265050
David W Wynne,+18173322202
Kevin Schmid & Associates,+18173773000
The Fort Worth Dating Company,+18175296277
Gene deBullet & Associates,+18173354767
MJB Group Private Investigation and Civil Process Service,+19727987374
The Duran Firm,+12144846500
Law Offices of Debbie Reddick,+18172381006
Wynne Law Firm,+18173322202
Hoeller McLaughlin PLLC,+18173347900
Lane Jim,+18176255582
Anderson Law Firm,+18172941900
Wade Sparks Attorney At Law,+18173713250
Brian Walker Law Firm PLLC,+18176252233
Ken Kraatz Atty,+18173355525
Law Offices of Jason Smith,+18173340880
"Bryan E. Wilson, The Texas Law Hawk",+18174403953
Davidson Law Group,+18179006529
"Law Office Of Carey Thompson, PC",+18178407503
Thomas Legal,+18172642526
Turner Monahan,+18173324477
Canas & Flores Attorneys Abogados,+18173326060
Bob Leonard Law Group,+18173368500
Herrmann Law,+18174799229
The Meza Law Firm,+18177326392
Hardy Law Group,+18178879158
Varghese Summersett,+18172032220
Law Office of Mark M. Childress,+18174759362
Turner Law Firm Todd Turner Attorney,+18178782700
The Eric Reyes Law Firm,+18173321522
Wert Law Firm,+18174020430
Cordell & Cordell,+19724903237
David W Wynne,+18173322202
Hoover D Robert,+18173353399
Jones Roger S PC,+18173327393
Kinney Recruiting,+12145265050
Brender Law Firm,+18173340171
"Hawkins & Walker, PC",+18178773355
Jarzombek Jerry,+18173488325
Haslam & Gallagher,+18173323115
Andrew Deegan Attorney At Law,+18176897002
Law Office of Jim Zadeh PC,+18173355100
Kevin Schmid & Associates,+18173773000
Favila Terry Law,+18173308177
Bobbitt Law,+18174574600
Law Office Of Barry J. Alford,+18173355229
The Fort Worth Dating Company,+18175296277
Bush Robert W Atty,+18173351363
Gene deBullet & Associates,+18173354767
Carole Kerr Attorney at Law,+18173323700
Law Offices Of Paula R Moore,+18173322300
Summit Merchant Solutions,+18173172995
MJB Group Private Investigation and Civil Process Service,+19727987374
The Duran Firm,+12144846500
Law Offices of Debbie Reddick,+18172381006
Wynne Law Firm,+18173322202
Hoeller McLaughlin PLLC,+18173347900
Lane Jim,+18176255582
Anderson Law Firm,+18172941900
Wade Sparks Attorney At Law,+18173713250
Brian Walker Law Firm PLLC,+18176252233
Ken Kraatz Atty,+18173355525
Law Offices of Jason Smith,+18173340880
"Bryan E. Wilson, The Texas Law Hawk",+18174403953
Heise Law Firm,+18178771555
Beasley Law Firm,+18173381877
Davidson Law Group,+18179006529
Justin Sparks Law Firm,+18173340300
"Law Office Of Carey Thompson, PC",+18178407503
Linebarger Goggan Blair Pena & Sampson Llp,+18178775401
Turner Monahan,+18173324477
Thomas Legal,+18172642526
Canas & Flores Attorneys Abogados,+18173326060
Bob Leonard Law Group,+18173368500
Hampton Carter L Atty At Law,+18178774202
Stasio & Stasio Law,+18173325113
Joshua Graham & Associates,+18177894000
Herrmann Law,+18174799229
Sisemore Law Firm,+18174065048
The Meza Law Firm,+18177326392
Varghese Summersett,+18172032220
Hardy Law Group,+18178879158
"The Law Office of J. Daniel Gregory, PC",+18173380608
The Law Office of V. Wayne Ward,+18173321172
Law Offices of Jeff C. Kennedy,+18176051010
Turner Law Firm Todd Turner Attorney,+18178782700
Law Office of Mark M. Childress,+18174759362
The Eric Reyes Law Firm,+18173321522
Wert Law Firm,+18174020430
Cordell & Cordell,+19724903237
Dunham & Jones Attorneys at Law,+18178888888
Hoover D Robert,+18173353399
David W Wynne,+18173322202
Jones Roger S PC,+18173327393
Brender Law Firm,+18173340171
"Hawkins & Walker, PC",+18178773355
Jarzombek Jerry,+18173488325
Haslam & Gallagher,+18173323115
Andrew Deegan Attorney At Law,+18176897002
Stephenson & Beverly,
Law Office of Jim Zadeh PC,+18173355100
Kinney Recruiting,+12145265050
Favila Terry Law,+18173308177
Kevin Schmid & Associates,+18173773000
Law Offices of Debbie Reddick,+18172381006
Wynne Law Firm,+18173322202
Lane Jim,+18176255582
Hoeller McLaughlin PLLC,+18173347900
Anderson Law Firm,+18172941900
Brian Walker Law Firm PLLC,+18176252233
Ken Kraatz Atty,+18173355525
Law Offices of Jason Smith,+18173340880
Beasley Law Firm,+18173381877
"Bryan E. Wilson, The Texas Law Hawk",+18174403953
Davidson Law Group,+18179006529
"Law Office Of Carey Thompson, PC",+18178407503
Wade Sparks Attorney At Law,+18173713250
Heise Law Firm,+18178771555
Justin Sparks Law Firm,+18173340300
Linebarger Goggan Blair Pena & Sampson Llp,+18178775401
Turner Monahan,+18173324477
Canas & Flores Attorneys Abogados,+18173326060
Thomas Legal,+18172642526
Bob Leonard Law Group,+18173368500
Hampton Carter L Atty At Law,+18178774202
Stasio & Stasio Law,+18173325113
Joshua Graham & Associates,+18177894000
Herrmann Law,+18174799229
Sisemore Law Firm,+18174065048
Varghese Summersett,+18172032220
Hardy Law Group,+18178879158
The Meza Law Firm,+18177326392
"The Law Office of J. Daniel Gregory, PC",+18173380608
The Law Office of V. Wayne Ward,+18173321172
Law Office of J Daniel Gregory,+18173380608
Law Offices of Jeff C. Kennedy,+18176051010
Turner Law Firm Todd Turner Attorney,+18178782700
The Eric Reyes Law Firm,+18173321522
Dunham & Jones Attorneys at Law,+18178888888
Wert Law Firm,+18174020430
Law Office of Mark M. Childress,+18174759362
Hoover D Robert,+18173353399
Cordell & Cordell,+19724903237
David W Wynne,+18173322202
Jones Roger S PC,+18173327393
"Hawkins & Walker, PC",+18178773355
Brender Law Firm,+18173340171
Jarzombek Jerry,+18173488325
Andrew Deegan Attorney At Law,+18176897002
Haslam & Gallagher,+18173323115
Stephenson & Beverly,
Law Office of Jim Zadeh PC,+18173355100
Favila Terry Law,+18173308177
Kinney Recruiting,+12145265050
Law Offices of Debbie Reddick,+18172381006
Wynne Law Firm,+18173322202
Lane Jim,+18176255582
Hoeller McLaughlin PLLC,+18173347900
Brian Walker Law Firm PLLC,+18176252233
Anderson Law Firm,+18172941900
"Law Office Of Carey Thompson, PC",+18178407503
Ken Kraatz Atty,+18173355525
Law Offices of Jason Smith,+18173340880
Law Office of Dale Heisch,+18178086353
Beasley Law Firm,+18173381877
Wade Sparks Attorney At Law,+18173713250
Davidson Law Group,+18179006529
"Bryan E. Wilson, The Texas Law Hawk",+18174403953
Justin Sparks Law Firm,+18173340300
Heise Law Firm,+18178771555
Linebarger Goggan Blair Pena & Sampson Llp,+18178775401
Turner Monahan,+18173324477
Canas & Flores Attorneys Abogados,+18173326060
Bob Leonard Law Group,+18173368500
Hampton Carter L Atty At Law,+18178774202
Thomas Legal,+18172642526
Stasio & Stasio Law,+18173325113
Joshua Graham & Associates,+18177894000
Herrmann Law,+18174799229
Sisemore Law Firm,+18174065048
Varghese Summersett,+18172032220
Hardy Law Group,+18178879158
Cantu David B Attorney At Law,+18172222100
The Meza Law Firm,+18177326392
The Law Office of V. Wayne Ward,+18173321172
"The Law Office of J. Daniel Gregory, PC",+18173380608
Law Office of J Daniel Gregory,+18173380608
Law Offices of Jeff C. Kennedy,+18176051010
Turner Law Firm Todd Turner Attorney,+18178782700
Dunham & Jones Attorneys at Law,+18178888888
Hoover D Robert,+18173353399
The Eric Reyes Law Firm,+18173321522
Wert Law Firm,+18174020430
Cordell & Cordell,+19724903237
Law Office of Mark M. Childress,+18174759362
David W Wynne,+18173322202
"Hawkins & Walker, PC",+18178773355
Jones Roger S PC,+18173327393
Jarzombek Jerry,+18173488325
Andrew Deegan Attorney At Law,+18176897002
Brender Law Firm,+18173340171
Stephenson & Beverly,
Haslam & Gallagher,+18173323115
Law Office of Jim Zadeh PC,+18173355100
Wynne Law Firm,+18173322202
Lane Jim,+18176255582
Law Offices of Debbie Reddick,+18172381006
Brian Walker Law Firm PLLC,+18176252233
Hoeller McLaughlin PLLC,+18173347900
The Law Office of Lesa Pamplin,+18174761096
Anderson Law Firm,+18172941900
"Law Office Of Carey Thompson, PC",+18178407503
Law Office of Bonnie Wolf,+16822243438
Law Office of Dale Heisch,+18178086353
Ken Kraatz Atty,+18173355525
Law Offices of Jason Smith,+18173340880
Wade Sparks Attorney At Law,+18173713250
Beasley Law Firm,+18173381877
Davidson Law Group,+18179006529
Justin Sparks Law Firm,+18173340300
"Bryan E. Wilson, The Texas Law Hawk",+18174403953
Heise Law Firm,+18178771555
Canas & Flores Attorneys Abogados,+18173326060
Linebarger Goggan Blair Pena & Sampson Llp,+18178775401
Turner Monahan,+18173324477
Bob Leonard Law Group,+18173368500
The Coffey Firm,+18178313100
Hampton Carter L Atty At Law,+18178774202
Stasio & Stasio Law,+18173325113
Joshua Graham & Associates,+18177894000
Herrmann Law,+18174799229
Sisemore Law Firm,+18174065048
Thomas Legal,+18172642526
Varghese Summersett,+18172032220
Cantu David B Attorney At Law,+18172222100
Hardy Law Group,+18178879158
The Law Office of V. Wayne Ward,+18173321172
Law Office of J Daniel Gregory,+18173380608
"The Law Office of J. Daniel Gregory, PC",+18173380608
The Meza Law Firm,+18177326392
Law Offices of Jeff C. Kennedy,+18176051010
Dunham & Jones Attorneys at Law,+18178888888
Turner Law Firm Todd Turner Attorney,+18178782700
Hoover D Robert,+18173353399
Wert Law Firm,+18174020430
The Eric Reyes Law Firm,+18173321522
Cordell & Cordell,+19724903237
"Hawkins & Walker, PC",+18178773355
Jarzombek Jerry,+18173488325
Andrew Deegan Attorney At Law,+18176897002
Stephenson & Beverly,
David W Wynne,+18173322202
Jones Roger S PC,+18173327393
Law Office of Mark M. Childress,+18174759362
Wynne Law Firm,+18173322202
Lane Jim,+18176255582
Brian Walker Law Firm PLLC,+18176252233
Hoeller McLaughlin PLLC,+18173347900
The Law Office of Lesa Pamplin,+18174761096
Law Offices of Debbie Reddick,+18172381006
"Law Office Of Carey Thompson, PC",+18178407503
Anderson Law Firm,+18172941900
Law Office of Bonnie Wolf,+16822243438
Law Office of Dale Heisch,+18178086353
Wade Sparks Attorney At Law,+18173713250
Beasley Law Firm,+18173381877
Ken Kraatz Atty,+18173355525
Law Offices of Jason Smith,+18173340880
Justin Sparks Law Firm,+18173340300
Davidson Law Group,+18179006529
"Bryan E. Wilson, The Texas Law Hawk",+18174403953
Canas & Flores Attorneys Abogados,+18173326060
Heise Law Firm,+18178771555
Linebarger Goggan Blair Pena & Sampson Llp,+18178775401
Turner Monahan,+18173324477
The Coffey Firm,+18178313100
Richard Weaver & Associates,+18174225929
Bob Leonard Law Group,+18173368500
Stasio & Stasio Law,+18173325113
Hampton Carter L Atty At Law,+18178774202
Joshua Graham & Associates,+18177894000
Sisemore Law Firm,+18174065048
Herrmann Law,+18174799229
Cantu David B Attorney At Law,+18172222100
Varghese Summersett,+18172032220
Law Office of J Daniel Gregory,+18173380608
The Law Office of V. Wayne Ward,+18173321172
Hardy Law Group,+18178879158
"The Law Office of J. Daniel Gregory, PC",+18173380608
Thomas Legal,+18172642526
Law Offices of Jeff C. Kennedy,+18176051010
Dunham & Jones Attorneys at Law,+18178888888
The Meza Law Firm,+18177326392
Hoover D Robert,+18173353399
Turner Law Firm Todd Turner Attorney,+18178782700
Wert Law Firm,+18174020430
Cordell & Cordell,+19724903237
The Eric Reyes Law Firm,+18173321522
Stephenson & Beverly,
"Hawkins & Walker, PC",+18178773355
Andrew Deegan Attorney At Law,+18176897002
Jarzombek Jerry,+18173488325
Jones Roger S PC,+18173327393
Debusk David Attorney At Law,+18178314111
Wynne Law Firm,+18173322202
Lane Jim,+18176255582
Brian Walker Law Firm PLLC,+18176252233
Hoeller McLaughlin PLLC,+18173347900
The Law Office of Lesa Pamplin,+18174761096
Anderson Law Firm,+18172941900
Law Office of Bonnie Wolf,+16822243438
"Law Office Of Carey Thompson, PC",+18178407503
Law Office of Dale Heisch,+18178086353
Law Offices of Debbie Reddick,+18172381006
Wade Sparks Attorney At Law,+18173713250
Beasley Law Firm,+18173381877
Justin Sparks Law Firm,+18173340300
Ken Kraatz Atty,+18173355525
Law Offices of Jason Smith,+18173340880
Davidson Law Group,+18179006529
"Bryan E. Wilson, The Texas Law Hawk",+18174403953
Canas & Flores Attorneys Abogados,+18173326060
Heise Law Firm,+18178771555
The Coffey Firm,+18178313100
Linebarger Goggan Blair Pena & Sampson Llp,+18178775401
Turner Monahan,+18173324477
Richard Weaver & Associates,+18174225929
Bob Leonard Law Group,+18173368500
Stasio & Stasio Law,+18173325113
Cantu David B Attorney At Law,+18172222100
"Patrick Curran, Attorney At Law",+18178313311
Hampton Carter L Atty At Law,+18178774202
Joshua Graham & Associates,+18177894000
Sisemore Law Firm,+18174065048
Law Office of J Daniel Gregory,+18173380608
Herrmann Law,+18174799229
Varghese Summersett,+18172032220
The Law Office of V. Wayne Ward,+18173321172
Hardy Law Group,+18178879158
"The Law Office of J. Daniel Gregory, PC",+18173380608
Law Offices of Jeff C. Kennedy,+18176051010
Dunham & Jones Attorneys at Law,+18178888888
Factor Abe Atty,+18172223333
Hoover D Robert,+18173353399
The Meza Law Firm,+18177326392
Thomas Legal,+18172642526
Turner Law Firm Todd Turner Attorney,+18178782700
Cordell & Cordell,+19724903237
Wert Law Firm,+18174020430
The Eric Reyes Law Firm,+18173321522
Debusk David Attorney At Law,+18178314111
Stephenson & Beverly,
Andrew Deegan Attorney At Law,+18176897002
"Hawkins & Walker, PC",+18178773355
Wynne Law Firm,+18173322202
Lane Jim,+18176255582
Brian Walker Law Firm PLLC,+18176252233
The Law Office of Lesa Pamplin,+18174761096
Hoeller McLaughlin PLLC,+18173347900
Law Office of Bonnie Wolf,+16822243438
Anderson Law Firm,+18172941900
Law Office of Dale Heisch,+18178086353
Beasley Law Firm,+18173381877
Wade Sparks Attorney At Law,+18173713250
Justin Sparks Law Firm,+18173340300
"Law Office Of Carey Thompson, PC",+18178407503
Law Offices of Jason Smith,+18173340880
Ken Kraatz Atty,+18173355525
The Coffey Firm,+18178313100
Law Offices of Debbie Reddick,+18172381006
Davidson Law Group,+18179006529
"Bryan E. Wilson, The Texas Law Hawk",+18174403953
Richard Weaver & Associates,+18174225929
Heise Law Firm,+18178771555
Canas & Flores Attorneys Abogados,+18173326060
Linebarger Goggan Blair Pena & Sampson Llp,+18178775401
Turner Monahan,+18173324477
"Patrick Curran, Attorney At Law",+18178313311
Cantu David B Attorney At Law,+18172222100
Law Office of J Daniel Gregory,+18173380608
Stasio & Stasio Law,+18173325113
Bob Leonard Law Group,+18173368500
Hampton Carter L Atty At Law,+18178774202
Joshua Graham & Associates,+18177894000
Sisemore Law Firm,+18174065048
Herrmann Law,+18174799229
The Law Office of V. Wayne Ward,+18173321172
Varghese Summersett,+18172032220
Factor Abe Atty,+18172223333
"The Law Office of J. Daniel Gregory, PC",+18173380608
Hardy Law Group,+18178879158
Dunham & Jones Attorneys at Law,+18178888888
Law Offices of Jeff C. Kennedy,+18176051010
Debusk David Attorney At Law,+18178314111
Hoover D Robert,+18173353399
Turner Law Firm Todd Turner Attorney,+18178782700
Stephenson & Beverly,
Cordell & Cordell,+19724903237
The Meza Law Firm,+18177326392
Wert Law Firm,+18174020430
Webb Charles E Atty,+18173360300
The Eric Reyes Law Firm,+18173321522
Thomas Legal,+18172642526
Andrew Deegan Attorney At Law,+18176897002
Wynne Law Firm,+18173322202
Lane Jim,+18176255582
The Law Office of Lesa Pamplin,+18174761096
Law Office of Bonnie Wolf,+16822243438
Hoeller McLaughlin PLLC,+18173347900
Brian Walker Law Firm PLLC,+18176252233
Law Office of Dale Heisch,+18178086353
Anderson Law Firm,+18172941900
The Coffey Firm,+18178313100
Beasley Law Firm,+18173381877
Richard Weaver & Associates,+18174225929
Justin Sparks Law Firm,+18173340300
Wade Sparks Attorney At Law,+18173713250
Law Offices of Jason Smith,+18173340880
Ken Kraatz Atty,+18173355525
Davidson Law Group,+18179006529
"Bryan E. Wilson, The Texas Law Hawk",+18174403953
"Patrick Curran, Attorney At Law",+18178313311
Heise Law Firm,+18178771555
Cantu David B Attorney At Law,+18172222100
Linebarger Goggan Blair Pena & Sampson Llp,+18178775401
Canas & Flores Attorneys Abogados,+18173326060
Turner Monahan,+18173324477
"Law Office Of Carey Thompson, PC",+18178407503
Law Office of J Daniel Gregory,+18173380608
Factor Abe Atty,+18172223333
Stasio & Stasio Law,+18173325113
Hampton Carter L Atty At Law,+18178774202
Joshua Graham & Associates,+18177894000
Bob Leonard Law Group,+18173368500
Sisemore Law Firm,+18174065048
Herrmann Law,+18174799229
The Law Office of V. Wayne Ward,+18173321172
Varghese Summersett,+18172032220
Debusk David Attorney At Law,+18178314111
"The Law Office of J. Daniel Gregory, PC",+18173380608
Dunham & Jones Attorneys at Law,+18178888888
Hardy Law Group,+18178879158
Law Offices of Jeff C. Kennedy,+18176051010
Hoover D Robert,+18173353399
Webb Charles E Atty,+18173360300
Stephenson & Beverly,
Cordell & Cordell,+19724903237
Turner Law Firm Todd Turner Attorney,+18178782700
Wert Law Firm,+18174020430
Kane | Varghese law firm,+18172104247
The Eric Reyes Law Firm,+18173321522
The Meza Law Firm,+18177326392
Andrew Deegan Attorney At Law,+18176897002
Mallory Lollar Holt & Associates,+18178314321
